,MT,Score,PF,Skew,Diameter
0,1,7185.592112,11,-2,19.49972245
